ScoreDiff,Inning,BASE1_RUN_ID,BASE2_RUN_ID,BASE3_RUN_ID,Pitcher,OUTS_CT,"Save Pitcher"
3,9,,,,fuenb001,0,"Brian Fuentes"
3,9,,,,fuenb001,0,"Brian Fuentes"
3,9,,,,fuenb001,0,"Brian Fuentes"
3,9,,,,fuenb001,0,"Brian Fuentes"
3,9,,,,fuenb001,0,"Brian Fuentes"
3,9,,,,fuenb001,1,"Brian Fuentes"
3,9,,,,fuenb001,1,"Brian Fuentes"
3,9,,,,fuenb001,1,"Brian Fuentes"
3,9,,,,fuenb001,1,"Brian Fuentes"
3,9,,,,fuenb001,1,"Brian Fuentes"
3,9,,,,fuenb001,2,"Brian Fuentes"
3,9,,,,fuenb001,2,"Brian Fuentes"
3,9,,,,fuenb001,2,"Brian Fuentes"
3,9,,,,fuenb001,2,"Brian Fuentes"
3,9,,,,fuenb001,2,"Brian Fuentes"
2,9,,,,raucj001,0,"Jon Rauch"
2,9,,,,raucj001,0,"Jon Rauch"
2,9,,,,raucj001,0,"Jon Rauch"
2,9,,,,raucj001,0,"Jon Rauch"
2,9,,,,raucj001,1,"Jon Rauch"
2,9,,,,raucj001,1,"Jon Rauch"
2,9,,,,raucj001,1,"Jon Rauch"
2,9,,,,raucj001,1,"Jon Rauch"
2,9,,,,raucj001,2,"Jon Rauch"
2,9,,,,raucj001,2,"Jon Rauch"
2,9,,,,raucj001,2,"Jon Rauch"
2,9,,,,raucj001,2,"Jon Rauch"
2,9,,,,raucj001,0,"Jon Rauch"
2,9,,,,raucj001,0,"Jon Rauch"
2,9,,,,raucj001,0,"Jon Rauch"
2,9,,,,raucj001,0,"Jon Rauch"
2,9,,,,raucj001,1,"Jon Rauch"
2,9,,,,raucj001,1,"Jon Rauch"
2,9,,,,raucj001,1,"Jon Rauch"
2,9,,,,raucj001,1,"Jon Rauch"
2,9,,,,raucj001,2,"Jon Rauch"
2,9,,,,raucj001,2,"Jon Rauch"
2,9,,,,raucj001,2,"Jon Rauch"
2,9,,,,raucj001,2,"Jon Rauch"
2,9,,kendh001,,raucj001,2,"Jon Rauch"
2,9,,kendh001,,raucj001,2,"Jon Rauch"
2,9,,kendh001,,raucj001,2,"Jon Rauch"
2,9,,kendh001,,raucj001,2,"Jon Rauch"
2,9,napom001,,,raucj001,2,"Jon Rauch"
2,9,napom001,,,raucj001,2,"Jon Rauch"
2,9,napom001,,,raucj001,2,"Jon Rauch"
2,9,napom001,,,raucj001,2,"Jon Rauch"
5,7,,,,rosst001,0,"Tyson Ross"
5,7,,,,rosst001,0,"Tyson Ross"
5,7,,,,rosst001,0,"Tyson Ross"
5,7,,,,rosst001,0,"Tyson Ross"
5,7,,,,rosst001,1,"Tyson Ross"
5,7,,,,rosst001,1,"Tyson Ross"
5,7,,,,rosst001,1,"Tyson Ross"
5,7,,,,rosst001,1,"Tyson Ross"
5,7,,,,rosst001,2,"Tyson Ross"
5,7,,,,rosst001,2,"Tyson Ross"
5,7,,,,rosst001,2,"Tyson Ross"
5,7,,,,rosst001,2,"Tyson Ross"
5,8,,,,rosst001,0,"Tyson Ross"
5,8,,,,rosst001,0,"Tyson Ross"
5,8,,,,rosst001,0,"Tyson Ross"
5,8,,,,rosst001,0,"Tyson Ross"
5,8,aybae001,,,rosst001,0,"Tyson Ross"
5,8,aybae001,,,rosst001,0,"Tyson Ross"
5,8,aybae001,,,rosst001,0,"Tyson Ross"
5,8,aybae001,,,rosst001,0,"Tyson Ross"
5,8,,,,rosst001,2,"Tyson Ross"
5,8,,,,rosst001,2,"Tyson Ross"
5,8,,,,rosst001,2,"Tyson Ross"
5,8,,,,rosst001,2,"Tyson Ross"
5,8,huntt001,,,rosst001,2,"Tyson Ross"
5,8,huntt001,,,rosst001,2,"Tyson Ross"
5,8,huntt001,,,rosst001,2,"Tyson Ross"
5,8,huntt001,,,rosst001,2,"Tyson Ross"
5,9,,,,rosst001,0,"Tyson Ross"
5,9,,,,rosst001,0,"Tyson Ross"
5,9,,,,rosst001,0,"Tyson Ross"
5,9,,,,rosst001,0,"Tyson Ross"
5,9,,,,rosst001,1,"Tyson Ross"
5,9,,,,rosst001,1,"Tyson Ross"
5,9,,,,rosst001,1,"Tyson Ross"
5,9,,,,rosst001,1,"Tyson Ross"
5,9,,,,rosst001,1,"Tyson Ross"
5,9,,,,rosst001,1,"Tyson Ross"
5,9,,,,rosst001,1,"Tyson Ross"
5,9,,,,rosst001,1,"Tyson Ross"
5,9,,,,rosst001,2,"Tyson Ross"
5,9,,,,rosst001,2,"Tyson Ross"
5,9,,,,rosst001,2,"Tyson Ross"
5,9,,,,rosst001,2,"Tyson Ross"
2,9,,,,rodnf001,0,"Fernando Rodney"
2,9,,,,rodnf001,0,"Fernando Rodney"
2,9,,,,rodnf001,0,"Fernando Rodney"
2,9,,,,rodnf001,0,"Fernando Rodney"
2,9,,,,rodnf001,1,"Fernando Rodney"
2,9,,,,rodnf001,1,"Fernando Rodney"
2,9,,,,rodnf001,1,"Fernando Rodney"
2,9,,,,rodnf001,1,"Fernando Rodney"
2,9,,,,rodnf001,2,"Fernando Rodney"
2,9,,,,rodnf001,2,"Fernando Rodney"
2,9,,,,rodnf001,2,"Fernando Rodney"
2,9,,,,rodnf001,2,"Fernando Rodney"
1,9,,,,rodnf001,0,"Fernando Rodney"
1,9,,,,rodnf001,0,"Fernando Rodney"
1,9,,,,rodnf001,0,"Fernando Rodney"
1,9,,,,rodnf001,0,"Fernando Rodney"
1,9,,,,rodnf001,1,"Fernando Rodney"
1,9,,,,rodnf001,1,"Fernando Rodney"
1,9,,,,rodnf001,1,"Fernando Rodney"
1,9,,,,rodnf001,1,"Fernando Rodney"
1,9,,,,rodnf001,2,"Fernando Rodney"
1,9,,,,rodnf001,2,"Fernando Rodney"
1,9,,,,rodnf001,2,"Fernando Rodney"
1,9,,,,rodnf001,2,"Fernando Rodney"
1,9,guilc001,,,rodnf001,2,"Fernando Rodney"
1,9,guilc001,,,rodnf001,2,"Fernando Rodney"
1,9,guilc001,,,rodnf001,2,"Fernando Rodney"
1,9,guilc001,,,rodnf001,2,"Fernando Rodney"
1,9,,,,valvj001,0,"Jose Valverde"
1,9,,,,valvj001,0,"Jose Valverde"
1,9,,,,valvj001,0,"Jose Valverde"
1,9,,,,valvj001,0,"Jose Valverde"
1,9,,,,valvj001,1,"Jose Valverde"
1,9,,,,valvj001,1,"Jose Valverde"
1,9,,,,valvj001,1,"Jose Valverde"
1,9,,,,valvj001,1,"Jose Valverde"
1,9,,,,valvj001,2,"Jose Valverde"
1,9,,,,valvj001,2,"Jose Valverde"
1,9,,,,valvj001,2,"Jose Valverde"
1,9,,,,valvj001,2,"Jose Valverde"
1,9,,,,valvj001,0,"Jose Valverde"
1,9,,,,valvj001,0,"Jose Valverde"
1,9,,,,valvj001,0,"Jose Valverde"
1,9,,,,valvj001,0,"Jose Valverde"
1,9,abreb001,,,valvj001,0,"Jose Valverde"
1,9,abreb001,,,valvj001,0,"Jose Valverde"
1,9,abreb001,,,valvj001,0,"Jose Valverde"
1,9,abreb001,,,valvj001,0,"Jose Valverde"
1,9,,,,valvj001,2,"Jose Valverde"
1,9,,,,valvj001,2,"Jose Valverde"
1,9,,,,valvj001,2,"Jose Valverde"
1,9,,,,valvj001,2,"Jose Valverde"
2,9,,,,fuenb001,0,"Brian Fuentes"
2,9,,,,fuenb001,0,"Brian Fuentes"
2,9,,,,fuenb001,0,"Brian Fuentes"
2,9,,,,fuenb001,0,"Brian Fuentes"
2,9,,,,fuenb001,0,"Brian Fuentes"
2,9,,,,fuenb001,1,"Brian Fuentes"
2,9,,,,fuenb001,1,"Brian Fuentes"
2,9,,,,fuenb001,1,"Brian Fuentes"
2,9,,,,fuenb001,1,"Brian Fuentes"
2,9,,,,fuenb001,1,"Brian Fuentes"
2,9,,,,fuenb001,2,"Brian Fuentes"
2,9,,,,fuenb001,2,"Brian Fuentes"
2,9,,,,fuenb001,2,"Brian Fuentes"
2,9,,,,fuenb001,2,"Brian Fuentes"
2,9,,,,fuenb001,2,"Brian Fuentes"
3,9,,,,fuenb001,0,"Brian Fuentes"
3,9,,,,fuenb001,0,"Brian Fuentes"
3,9,,,,fuenb001,0,"Brian Fuentes"
3,9,,,,fuenb001,0,"Brian Fuentes"
3,9,,,,fuenb001,0,"Brian Fuentes"
3,9,,,,fuenb001,1,"Brian Fuentes"
3,9,,,,fuenb001,1,"Brian Fuentes"
3,9,,,,fuenb001,1,"Brian Fuentes"
3,9,,,,fuenb001,1,"Brian Fuentes"
3,9,,,,fuenb001,1,"Brian Fuentes"
3,9,hafnt001,,,fuenb001,1,"Brian Fuentes"
3,9,hafnt001,,,fuenb001,1,"Brian Fuentes"
3,9,hafnt001,,,fuenb001,1,"Brian Fuentes"
3,9,hafnt001,,,fuenb001,1,"Brian Fuentes"
3,9,hafnt001,,,fuenb001,1,"Brian Fuentes"
3,9,hafnt001,,,fuenb001,2,"Brian Fuentes"
3,9,hafnt001,,,fuenb001,2,"Brian Fuentes"
3,9,hafnt001,,,fuenb001,2,"Brian Fuentes"
3,9,hafnt001,,,fuenb001,2,"Brian Fuentes"
3,9,hafnt001,,,fuenb001,2,"Brian Fuentes"
3,9,keara001,hafnt001,,fuenb001,2,"Brian Fuentes"
3,9,keara001,hafnt001,,fuenb001,2,"Brian Fuentes"
3,9,keara001,hafnt001,,fuenb001,2,"Brian Fuentes"
3,9,keara001,hafnt001,,fuenb001,2,"Brian Fuentes"
3,9,keara001,hafnt001,,fuenb001,2,"Brian Fuentes"
1,9,,,,sorir001,0,"Rafael Soriano"
1,9,,,,sorir001,0,"Rafael Soriano"
1,9,,,,sorir001,0,"Rafael Soriano"
1,9,,,,sorir001,0,"Rafael Soriano"
1,9,,,,sorir001,1,"Rafael Soriano"
1,9,,,,sorir001,1,"Rafael Soriano"
1,9,,,,sorir001,1,"Rafael Soriano"
1,9,,,,sorir001,1,"Rafael Soriano"
1,9,,,,sorir001,2,"Rafael Soriano"
1,9,,,,sorir001,2,"Rafael Soriano"
1,9,,,,sorir001,2,"Rafael Soriano"
1,9,,,,sorir001,2,"Rafael Soriano"
3,9,,,,fuenb001,0,"Brian Fuentes"
3,9,,,,fuenb001,0,"Brian Fuentes"
3,9,,,,fuenb001,0,"Brian Fuentes"
3,9,,,,fuenb001,0,"Brian Fuentes"
3,9,,,,fuenb001,0,"Brian Fuentes"
3,9,carrj001,,,fuenb001,0,"Brian Fuentes"
3,9,carrj001,,,fuenb001,0,"Brian Fuentes"
3,9,carrj001,,,fuenb001,0,"Brian Fuentes"
3,9,carrj001,,,fuenb001,0,"Brian Fuentes"
3,9,carrj001,,,fuenb001,0,"Brian Fuentes"
3,9,carrj001,,,fuenb001,1,"Brian Fuentes"
3,9,carrj001,,,fuenb001,1,"Brian Fuentes"
3,9,carrj001,,,fuenb001,1,"Brian Fuentes"
3,9,carrj001,,,fuenb001,1,"Brian Fuentes"
3,9,carrj001,,,fuenb001,1,"Brian Fuentes"
3,9,,carrj001,,fuenb001,1,"Brian Fuentes"
3,9,,carrj001,,fuenb001,1,"Brian Fuentes"
3,9,,carrj001,,fuenb001,1,"Brian Fuentes"
3,9,,carrj001,,fuenb001,1,"Brian Fuentes"
3,9,,carrj001,,fuenb001,1,"Brian Fuentes"
3,9,,carrj001,,fuenb001,2,"Brian Fuentes"
3,9,,carrj001,,fuenb001,2,"Brian Fuentes"
3,9,,carrj001,,fuenb001,2,"Brian Fuentes"
3,9,,carrj001,,fuenb001,2,"Brian Fuentes"
3,9,,carrj001,,fuenb001,2,"Brian Fuentes"
1,9,,,,fuenb001,0,"Brian Fuentes"
1,9,,,,fuenb001,0,"Brian Fuentes"
1,9,,,,fuenb001,0,"Brian Fuentes"
1,9,,,,fuenb001,0,"Brian Fuentes"
1,9,,,,fuenb001,0,"Brian Fuentes"
1,9,kempm001,,,fuenb001,0,"Brian Fuentes"
1,9,kempm001,,,fuenb001,0,"Brian Fuentes"
1,9,kempm001,,,fuenb001,0,"Brian Fuentes"
1,9,kempm001,,,fuenb001,0,"Brian Fuentes"
1,9,kempm001,,,fuenb001,0,"Brian Fuentes"
1,9,johnr008,kempm001,,fuenb001,0,"Brian Fuentes"
1,9,johnr008,kempm001,,fuenb001,0,"Brian Fuentes"
1,9,johnr008,kempm001,,fuenb001,0,"Brian Fuentes"
1,9,johnr008,kempm001,,fuenb001,0,"Brian Fuentes"
1,9,johnr008,kempm001,,fuenb001,0,"Brian Fuentes"
1,9,johnr008,kempm001,,fuenb001,1,"Brian Fuentes"
1,9,johnr008,kempm001,,fuenb001,1,"Brian Fuentes"
1,9,johnr008,kempm001,,fuenb001,1,"Brian Fuentes"
1,9,johnr008,kempm001,,fuenb001,1,"Brian Fuentes"
1,9,johnr008,kempm001,,fuenb001,1,"Brian Fuentes"
1,9,johnr008,,,fuenb001,2,"Brian Fuentes"
1,9,johnr008,,,fuenb001,2,"Brian Fuentes"
1,9,johnr008,,,fuenb001,2,"Brian Fuentes"
1,9,johnr008,,,fuenb001,2,"Brian Fuentes"
1,9,johnr008,,,fuenb001,2,"Brian Fuentes"
1,9,martr004,johnr008,,fuenb001,2,"Brian Fuentes"
1,9,martr004,johnr008,,fuenb001,2,"Brian Fuentes"
1,9,martr004,johnr008,,fuenb001,2,"Brian Fuentes"
1,9,martr004,johnr008,,fuenb001,2,"Brian Fuentes"
1,9,martr004,johnr008,,fuenb001,2,"Brian Fuentes"
1,11,abreb001,,,corpm001,0,"Manuel Corpas"
1,11,abreb001,,,corpm001,0,"Manuel Corpas"
1,11,abreb001,,,corpm001,0,"Manuel Corpas"
1,11,abreb001,,,corpm001,1,"Manuel Corpas"
1,11,abreb001,,,corpm001,1,"Manuel Corpas"
1,11,abreb001,,,corpm001,1,"Manuel Corpas"
1,11,,abreb001,,corpm001,1,"Manuel Corpas"
1,11,,abreb001,,corpm001,1,"Manuel Corpas"
1,11,,abreb001,,corpm001,1,"Manuel Corpas"
1,11,rivej001,abreb001,,corpm001,1,"Manuel Corpas"
1,11,rivej001,abreb001,,corpm001,1,"Manuel Corpas"
1,11,rivej001,abreb001,,corpm001,1,"Manuel Corpas"
1,11,napom001,,abreb001,corpm001,2,"Manuel Corpas"
1,11,napom001,,abreb001,corpm001,2,"Manuel Corpas"
1,11,napom001,,abreb001,corpm001,2,"Manuel Corpas"
2,9,,,,fuenb001,0,"Brian Fuentes"
2,9,,,,fuenb001,0,"Brian Fuentes"
2,9,,,,fuenb001,0,"Brian Fuentes"
2,9,,,,fuenb001,0,"Brian Fuentes"
2,9,,,,fuenb001,0,"Brian Fuentes"
2,9,,,,fuenb001,1,"Brian Fuentes"
2,9,,,,fuenb001,1,"Brian Fuentes"
2,9,,,,fuenb001,1,"Brian Fuentes"
2,9,,,,fuenb001,1,"Brian Fuentes"
2,9,,,,fuenb001,1,"Brian Fuentes"
2,9,moram002,,,fuenb001,1,"Brian Fuentes"
2,9,moram002,,,fuenb001,1,"Brian Fuentes"
2,9,moram002,,,fuenb001,1,"Brian Fuentes"
2,9,moram002,,,fuenb001,1,"Brian Fuentes"
2,9,moram002,,,fuenb001,1,"Brian Fuentes"
1,9,,,,fuenb001,0,"Brian Fuentes"
1,9,,,,fuenb001,0,"Brian Fuentes"
1,9,,,,fuenb001,0,"Brian Fuentes"
1,9,,,,fuenb001,0,"Brian Fuentes"
1,9,,,,fuenb001,0,"Brian Fuentes"
1,9,,,,fuenb001,1,"Brian Fuentes"
1,9,,,,fuenb001,1,"Brian Fuentes"
1,9,,,,fuenb001,1,"Brian Fuentes"
1,9,,,,fuenb001,1,"Brian Fuentes"
1,9,,,,fuenb001,1,"Brian Fuentes"
1,9,,,,fuenb001,2,"Brian Fuentes"
1,9,,,,fuenb001,2,"Brian Fuentes"
1,9,,,,fuenb001,2,"Brian Fuentes"
1,9,,,,fuenb001,2,"Brian Fuentes"
1,9,,,,fuenb001,2,"Brian Fuentes"
2,9,,,,felin001,0,"Neftali Feliz"
2,9,,,,felin001,0,"Neftali Feliz"
2,9,,,,felin001,0,"Neftali Feliz"
2,9,,,,felin001,0,"Neftali Feliz"
2,9,,,,felin001,1,"Neftali Feliz"
2,9,,,,felin001,1,"Neftali Feliz"
2,9,,,,felin001,1,"Neftali Feliz"
2,9,,,,felin001,1,"Neftali Feliz"
2,9,,,,felin001,2,"Neftali Feliz"
2,9,,,,felin001,2,"Neftali Feliz"
2,9,,,,felin001,2,"Neftali Feliz"
2,9,,,,felin001,2,"Neftali Feliz"
1,9,,,,fuenb001,0,"Brian Fuentes"
1,9,,,,fuenb001,0,"Brian Fuentes"
1,9,,,,fuenb001,0,"Brian Fuentes"
1,9,,,,fuenb001,0,"Brian Fuentes"
1,9,,,,fuenb001,0,"Brian Fuentes"
1,9,,,,fuenb001,1,"Brian Fuentes"
1,9,,,,fuenb001,1,"Brian Fuentes"
1,9,,,,fuenb001,1,"Brian Fuentes"
1,9,,,,fuenb001,1,"Brian Fuentes"
1,9,,,,fuenb001,1,"Brian Fuentes"
1,9,,,,fuenb001,2,"Brian Fuentes"
1,9,,,,fuenb001,2,"Brian Fuentes"
1,9,,,,fuenb001,2,"Brian Fuentes"
1,9,,,,fuenb001,2,"Brian Fuentes"
1,9,,,,fuenb001,2,"Brian Fuentes"
1,10,,,,sorij001,0,"Joakim Soria"
1,10,,,,sorij001,0,"Joakim Soria"
1,10,,,,sorij001,0,"Joakim Soria"
1,10,,,,sorij001,1,"Joakim Soria"
1,10,,,,sorij001,1,"Joakim Soria"
1,10,,,,sorij001,1,"Joakim Soria"
1,10,,,,sorij001,2,"Joakim Soria"
1,10,,,,sorij001,2,"Joakim Soria"
1,10,,,,sorij001,2,"Joakim Soria"
2,9,,,,sorij001,0,"Joakim Soria"
2,9,,,,sorij001,0,"Joakim Soria"
2,9,,,,sorij001,0,"Joakim Soria"
2,9,aybae001,,,sorij001,0,"Joakim Soria"
2,9,aybae001,,,sorij001,0,"Joakim Soria"
2,9,aybae001,,,sorij001,0,"Joakim Soria"
2,9,aybae001,,,sorij001,1,"Joakim Soria"
2,9,aybae001,,,sorij001,1,"Joakim Soria"
2,9,aybae001,,,sorij001,1,"Joakim Soria"
2,9,abreb001,aybae001,,sorij001,1,"Joakim Soria"
2,9,abreb001,aybae001,,sorij001,1,"Joakim Soria"
2,9,abreb001,aybae001,,sorij001,1,"Joakim Soria"
2,9,huntt001,abreb001,aybae001,sorij001,1,"Joakim Soria"
2,9,huntt001,abreb001,aybae001,sorij001,1,"Joakim Soria"
2,9,huntt001,abreb001,aybae001,sorij001,1,"Joakim Soria"
2,9,,huntt001,abreb001,sorij001,2,"Joakim Soria"
2,9,,huntt001,abreb001,sorij001,2,"Joakim Soria"
2,9,,huntt001,abreb001,sorij001,2,"Joakim Soria"
1,9,,,,fuenb001,0,"Brian Fuentes"
1,9,,,,fuenb001,0,"Brian Fuentes"
1,9,,,,fuenb001,0,"Brian Fuentes"
1,9,,,,fuenb001,0,"Brian Fuentes"
1,9,,,,fuenb001,0,"Brian Fuentes"
1,9,,,,fuenb001,1,"Brian Fuentes"
1,9,,,,fuenb001,1,"Brian Fuentes"
1,9,,,,fuenb001,1,"Brian Fuentes"
1,9,,,,fuenb001,1,"Brian Fuentes"
1,9,,,,fuenb001,1,"Brian Fuentes"
1,9,,,,fuenb001,2,"Brian Fuentes"
1,9,,,,fuenb001,2,"Brian Fuentes"
1,9,,,,fuenb001,2,"Brian Fuentes"
1,9,,,,fuenb001,2,"Brian Fuentes"
1,9,,,,fuenb001,2,"Brian Fuentes"
1,9,,,,fuenb001,0,"Brian Fuentes"
1,9,,,,fuenb001,0,"Brian Fuentes"
1,9,,,,fuenb001,0,"Brian Fuentes"
1,9,,,,fuenb001,0,"Brian Fuentes"
1,9,,,,fuenb001,0,"Brian Fuentes"
1,9,langr002,,,fuenb001,0,"Brian Fuentes"
1,9,langr002,,,fuenb001,0,"Brian Fuentes"
1,9,langr002,,,fuenb001,0,"Brian Fuentes"
1,9,langr002,,,fuenb001,0,"Brian Fuentes"
1,9,langr002,,,fuenb001,0,"Brian Fuentes"
1,9,,,,fuenb001,2,"Brian Fuentes"
1,9,,,,fuenb001,2,"Brian Fuentes"
1,9,,,,fuenb001,2,"Brian Fuentes"
1,9,,,,fuenb001,2,"Brian Fuentes"
1,9,,,,fuenb001,2,"Brian Fuentes"
1,10,,,,aardd001,0,"David Aardsma"
1,10,,,,aardd001,0,"David Aardsma"
1,10,,,,aardd001,0,"David Aardsma"
1,10,napom001,,,aardd001,0,"David Aardsma"
1,10,napom001,,,aardd001,0,"David Aardsma"
1,10,napom001,,,aardd001,0,"David Aardsma"
1,10,,napom001,,aardd001,1,"David Aardsma"
1,10,,napom001,,aardd001,1,"David Aardsma"
1,10,,napom001,,aardd001,1,"David Aardsma"
1,10,mcanp001,napom001,,aardd001,1,"David Aardsma"
1,10,mcanp001,napom001,,aardd001,1,"David Aardsma"
1,10,mcanp001,napom001,,aardd001,1,"David Aardsma"
1,10,mcanp001,napom001,,aardd001,2,"David Aardsma"
1,10,mcanp001,napom001,,aardd001,2,"David Aardsma"
1,10,mcanp001,napom001,,aardd001,2,"David Aardsma"
3,8,,,,papej001,2,"Jonathan Papelbon"
3,8,,,,papej001,2,"Jonathan Papelbon"
3,8,,,,papej001,2,"Jonathan Papelbon"
3,8,,,,papej001,2,"Jonathan Papelbon"
3,9,,,,papej001,0,"Jonathan Papelbon"
3,9,,,,papej001,0,"Jonathan Papelbon"
3,9,,,,papej001,0,"Jonathan Papelbon"
3,9,,,,papej001,0,"Jonathan Papelbon"
3,9,napom001,,,papej001,0,"Jonathan Papelbon"
3,9,napom001,,,papej001,0,"Jonathan Papelbon"
3,9,napom001,,,papej001,0,"Jonathan Papelbon"
3,9,napom001,,,papej001,0,"Jonathan Papelbon"
3,9,,napom001,,papej001,0,"Jonathan Papelbon"
3,9,,napom001,,papej001,0,"Jonathan Papelbon"
3,9,,napom001,,papej001,0,"Jonathan Papelbon"
3,9,,napom001,,papej001,0,"Jonathan Papelbon"
3,9,,napom001,,papej001,1,"Jonathan Papelbon"
3,9,,napom001,,papej001,1,"Jonathan Papelbon"
3,9,,napom001,,papej001,1,"Jonathan Papelbon"
3,9,,napom001,,papej001,1,"Jonathan Papelbon"
3,9,,napom001,,papej001,2,"Jonathan Papelbon"
3,9,,napom001,,papej001,2,"Jonathan Papelbon"
3,9,,napom001,,papej001,2,"Jonathan Papelbon"
3,9,,napom001,,papej001,2,"Jonathan Papelbon"
2,9,,,,papej001,0,"Jonathan Papelbon"
2,9,,,,papej001,0,"Jonathan Papelbon"
2,9,,,,papej001,0,"Jonathan Papelbon"
2,9,,,,papej001,0,"Jonathan Papelbon"
2,9,,,,papej001,1,"Jonathan Papelbon"
2,9,,,,papej001,1,"Jonathan Papelbon"
2,9,,,,papej001,1,"Jonathan Papelbon"
2,9,,,,papej001,1,"Jonathan Papelbon"
2,9,,,,papej001,2,"Jonathan Papelbon"
2,9,,,,papej001,2,"Jonathan Papelbon"
2,9,,,,papej001,2,"Jonathan Papelbon"
2,9,,,,papej001,2,"Jonathan Papelbon"
2,9,,,,fuenb001,0,"Brian Fuentes"
2,9,,,,fuenb001,0,"Brian Fuentes"
2,9,,,,fuenb001,0,"Brian Fuentes"
2,9,,,,fuenb001,0,"Brian Fuentes"
2,9,,,,fuenb001,0,"Brian Fuentes"
2,9,,,,fuenb001,1,"Brian Fuentes"
2,9,,,,fuenb001,1,"Brian Fuentes"
2,9,,,,fuenb001,1,"Brian Fuentes"
2,9,,,,fuenb001,1,"Brian Fuentes"
2,9,,,,fuenb001,1,"Brian Fuentes"
2,9,,,,fuenb001,2,"Brian Fuentes"
2,9,,,,fuenb001,2,"Brian Fuentes"
2,9,,,,fuenb001,2,"Brian Fuentes"
2,9,,,,fuenb001,2,"Brian Fuentes"
2,9,,,,fuenb001,2,"Brian Fuentes"
1,9,,,,felin001,0,"Neftali Feliz"
1,9,,,,felin001,0,"Neftali Feliz"
1,9,,,,felin001,0,"Neftali Feliz"
1,9,,,,felin001,0,"Neftali Feliz"
1,9,,,,felin001,1,"Neftali Feliz"
1,9,,,,felin001,1,"Neftali Feliz"
1,9,,,,felin001,1,"Neftali Feliz"
1,9,,,,felin001,1,"Neftali Feliz"
1,9,,,,felin001,2,"Neftali Feliz"
1,9,,,,felin001,2,"Neftali Feliz"
1,9,,,,felin001,2,"Neftali Feliz"
1,9,,,,felin001,2,"Neftali Feliz"
3,9,,,,fuenb001,0,"Brian Fuentes"
3,9,,,,fuenb001,0,"Brian Fuentes"
3,9,,,,fuenb001,0,"Brian Fuentes"
3,9,,,,fuenb001,0,"Brian Fuentes"
3,9,,,,fuenb001,0,"Brian Fuentes"
3,9,guzmc001,,,fuenb001,0,"Brian Fuentes"
3,9,guzmc001,,,fuenb001,0,"Brian Fuentes"
3,9,guzmc001,,,fuenb001,0,"Brian Fuentes"
3,9,guzmc001,,,fuenb001,0,"Brian Fuentes"
3,9,guzmc001,,,fuenb001,0,"Brian Fuentes"
3,9,guzmc001,,,fuenb001,1,"Brian Fuentes"
3,9,guzmc001,,,fuenb001,1,"Brian Fuentes"
3,9,guzmc001,,,fuenb001,1,"Brian Fuentes"
3,9,guzmc001,,,fuenb001,1,"Brian Fuentes"
3,9,guzmc001,,,fuenb001,1,"Brian Fuentes"
3,9,guzmc001,,,fuenb001,2,"Brian Fuentes"
3,9,guzmc001,,,fuenb001,2,"Brian Fuentes"
3,9,guzmc001,,,fuenb001,2,"Brian Fuentes"
3,9,guzmc001,,,fuenb001,2,"Brian Fuentes"
3,9,guzmc001,,,fuenb001,2,"Brian Fuentes"
3,9,,guzmc001,,fuenb001,2,"Brian Fuentes"
3,9,,guzmc001,,fuenb001,2,"Brian Fuentes"
3,9,,guzmc001,,fuenb001,2,"Brian Fuentes"
3,9,,guzmc001,,fuenb001,2,"Brian Fuentes"
3,9,,guzmc001,,fuenb001,2,"Brian Fuentes"
3,9,cantj001,,guzmc001,fuenb001,2,"Brian Fuentes"
3,9,cantj001,,guzmc001,fuenb001,2,"Brian Fuentes"
3,9,cantj001,,guzmc001,fuenb001,2,"Brian Fuentes"
3,9,cantj001,,guzmc001,fuenb001,2,"Brian Fuentes"
3,9,cantj001,,guzmc001,fuenb001,2,"Brian Fuentes"
2,9,,,,fuenb001,0,"Brian Fuentes"
2,9,,,,fuenb001,0,"Brian Fuentes"
2,9,,,,fuenb001,0,"Brian Fuentes"
2,9,,,,fuenb001,0,"Brian Fuentes"
2,9,,,,fuenb001,0,"Brian Fuentes"
2,9,gorda001,,,fuenb001,0,"Brian Fuentes"
2,9,gorda001,,,fuenb001,0,"Brian Fuentes"
2,9,gorda001,,,fuenb001,0,"Brian Fuentes"
2,9,gorda001,,,fuenb001,0,"Brian Fuentes"
2,9,gorda001,,,fuenb001,0,"Brian Fuentes"
2,9,bloow001,gorda001,,fuenb001,0,"Brian Fuentes"
2,9,bloow001,gorda001,,fuenb001,0,"Brian Fuentes"
2,9,bloow001,gorda001,,fuenb001,0,"Brian Fuentes"
2,9,bloow001,gorda001,,fuenb001,0,"Brian Fuentes"
2,9,bloow001,gorda001,,fuenb001,0,"Brian Fuentes"
2,9,,bloow001,gorda001,fuenb001,1,"Brian Fuentes"
2,9,,bloow001,gorda001,fuenb001,1,"Brian Fuentes"
2,9,,bloow001,gorda001,fuenb001,1,"Brian Fuentes"
2,9,,bloow001,gorda001,fuenb001,1,"Brian Fuentes"
2,9,,bloow001,gorda001,fuenb001,1,"Brian Fuentes"
2,9,,bloow001,gorda001,fuenb001,2,"Brian Fuentes"
2,9,,bloow001,gorda001,fuenb001,2,"Brian Fuentes"
2,9,,bloow001,gorda001,fuenb001,2,"Brian Fuentes"
2,9,,bloow001,gorda001,fuenb001,2,"Brian Fuentes"
2,9,,bloow001,gorda001,fuenb001,2,"Brian Fuentes"
2,9,,,,fuenb001,0,"Brian Fuentes"
2,9,,,,fuenb001,0,"Brian Fuentes"
2,9,,,,fuenb001,0,"Brian Fuentes"
2,9,,,,fuenb001,0,"Brian Fuentes"
2,9,,,,fuenb001,0,"Brian Fuentes"
2,9,,,,fuenb001,1,"Brian Fuentes"
2,9,,,,fuenb001,1,"Brian Fuentes"
2,9,,,,fuenb001,1,"Brian Fuentes"
2,9,,,,fuenb001,1,"Brian Fuentes"
2,9,,,,fuenb001,1,"Brian Fuentes"
2,9,,,,fuenb001,2,"Brian Fuentes"
2,9,,,,fuenb001,2,"Brian Fuentes"
2,9,,,,fuenb001,2,"Brian Fuentes"
2,9,,,,fuenb001,2,"Brian Fuentes"
2,9,,,,fuenb001,2,"Brian Fuentes"
3,9,,,,gregk001,0,"Kevin Gregg"
3,9,,,,gregk001,0,"Kevin Gregg"
3,9,,,,gregk001,0,"Kevin Gregg"
3,9,,,,gregk001,0,"Kevin Gregg"
3,9,,,,gregk001,1,"Kevin Gregg"
3,9,,,,gregk001,1,"Kevin Gregg"
3,9,,,,gregk001,1,"Kevin Gregg"
3,9,,,,gregk001,1,"Kevin Gregg"
3,9,,,,gregk001,2,"Kevin Gregg"
3,9,,,,gregk001,2,"Kevin Gregg"
3,9,,,,gregk001,2,"Kevin Gregg"
3,9,,,,gregk001,2,"Kevin Gregg"
3,9,,,,gregk001,0,"Kevin Gregg"
3,9,,,,gregk001,0,"Kevin Gregg"
3,9,,,,gregk001,0,"Kevin Gregg"
3,9,,,,gregk001,0,"Kevin Gregg"
3,9,,,,gregk001,1,"Kevin Gregg"
3,9,,,,gregk001,1,"Kevin Gregg"
3,9,,,,gregk001,1,"Kevin Gregg"
3,9,,,,gregk001,1,"Kevin Gregg"
3,9,,,,gregk001,2,"Kevin Gregg"
3,9,,,,gregk001,2,"Kevin Gregg"
3,9,,,,gregk001,2,"Kevin Gregg"
3,9,,,,gregk001,2,"Kevin Gregg"
1,9,,,,sorir001,0,"Rafael Soriano"
1,9,,,,sorir001,0,"Rafael Soriano"
1,9,,,,sorir001,0,"Rafael Soriano"
1,9,,,,sorir001,0,"Rafael Soriano"
1,9,,,,sorir001,1,"Rafael Soriano"
1,9,,,,sorir001,1,"Rafael Soriano"
1,9,,,,sorir001,1,"Rafael Soriano"
1,9,,,,sorir001,1,"Rafael Soriano"
1,9,,,,sorir001,2,"Rafael Soriano"
1,9,,,,sorir001,2,"Rafael Soriano"
1,9,,,,sorir001,2,"Rafael Soriano"
1,9,,,,sorir001,2,"Rafael Soriano"
2,9,,,,uehak001,0,"Koji Uehara"
2,9,,,,uehak001,0,"Koji Uehara"
2,9,,,,uehak001,0,"Koji Uehara"
2,9,,,,uehak001,0,"Koji Uehara"
2,9,,,,uehak001,0,"Koji Uehara"
2,9,,,,uehak001,1,"Koji Uehara"
2,9,,,,uehak001,1,"Koji Uehara"
2,9,,,,uehak001,1,"Koji Uehara"
2,9,,,,uehak001,1,"Koji Uehara"
2,9,,,,uehak001,1,"Koji Uehara"
2,9,,,,uehak001,2,"Koji Uehara"
2,9,,,,uehak001,2,"Koji Uehara"
2,9,,,,uehak001,2,"Koji Uehara"
2,9,,,,uehak001,2,"Koji Uehara"
2,9,,,,uehak001,2,"Koji Uehara"
2,9,calla001,,,uehak001,2,"Koji Uehara"
2,9,calla001,,,uehak001,2,"Koji Uehara"
2,9,calla001,,,uehak001,2,"Koji Uehara"
2,9,calla001,,,uehak001,2,"Koji Uehara"
2,9,calla001,,,uehak001,2,"Koji Uehara"
2,9,,,calla001,uehak001,2,"Koji Uehara"
2,9,,,calla001,uehak001,2,"Koji Uehara"
2,9,,,calla001,uehak001,2,"Koji Uehara"
2,9,,,calla001,uehak001,2,"Koji Uehara"
2,9,,,calla001,uehak001,2,"Koji Uehara"
1,9,kendh001,,willr004,uehak001,2,"Koji Uehara"
1,9,kendh001,,willr004,uehak001,2,"Koji Uehara"
1,9,kendh001,,willr004,uehak001,2,"Koji Uehara"
1,9,kendh001,,willr004,uehak001,2,"Koji Uehara"
1,9,kendh001,,willr004,uehak001,2,"Koji Uehara"
1,9,,,,perec002,0,"Chris Perez"
1,9,,,,perec002,0,"Chris Perez"
1,9,,,,perec002,0,"Chris Perez"
1,9,,,,perec002,0,"Chris Perez"
1,9,,,,perec002,1,"Chris Perez"
1,9,,,,perec002,1,"Chris Perez"
1,9,,,,perec002,1,"Chris Perez"
1,9,,,,perec002,1,"Chris Perez"
1,9,,,,perec002,2,"Chris Perez"
1,9,,,,perec002,2,"Chris Perez"
1,9,,,,perec002,2,"Chris Perez"
1,9,,,,perec002,2,"Chris Perez"
3,9,wilsj003,saunm001,,rodnf001,2,"Fernando Rodney"
3,9,wilsj003,saunm001,,rodnf001,2,"Fernando Rodney"
3,9,wilsj003,saunm001,,rodnf001,2,"Fernando Rodney"
3,9,wilsj003,saunm001,,rodnf001,2,"Fernando Rodney"
3,9,,,,rodnf001,0,"Fernando Rodney"
3,9,,,,rodnf001,0,"Fernando Rodney"
3,9,,,,rodnf001,0,"Fernando Rodney"
3,9,,,,rodnf001,0,"Fernando Rodney"
3,9,lopej003,,,rodnf001,0,"Fernando Rodney"
3,9,lopej003,,,rodnf001,0,"Fernando Rodney"
3,9,lopej003,,,rodnf001,0,"Fernando Rodney"
3,9,lopej003,,,rodnf001,0,"Fernando Rodney"
3,9,,lopej003,,rodnf001,1,"Fernando Rodney"
3,9,,lopej003,,rodnf001,1,"Fernando Rodney"
3,9,,lopej003,,rodnf001,1,"Fernando Rodney"
3,9,,lopej003,,rodnf001,1,"Fernando Rodney"
3,9,,lopej003,,rodnf001,2,"Fernando Rodney"
3,9,,lopej003,,rodnf001,2,"Fernando Rodney"
3,9,,lopej003,,rodnf001,2,"Fernando Rodney"
3,9,,lopej003,,rodnf001,2,"Fernando Rodney"
3,9,,,,rodnf001,0,"Fernando Rodney"
3,9,,,,rodnf001,0,"Fernando Rodney"
3,9,,,,rodnf001,0,"Fernando Rodney"
3,9,,,,rodnf001,0,"Fernando Rodney"
3,9,murpd005,,,rodnf001,0,"Fernando Rodney"
3,9,murpd005,,,rodnf001,0,"Fernando Rodney"
3,9,murpd005,,,rodnf001,0,"Fernando Rodney"
3,9,murpd005,,,rodnf001,0,"Fernando Rodney"
3,9,,murpd005,,rodnf001,1,"Fernando Rodney"
3,9,,murpd005,,rodnf001,1,"Fernando Rodney"
3,9,,murpd005,,rodnf001,1,"Fernando Rodney"
3,9,,murpd005,,rodnf001,1,"Fernando Rodney"
3,9,,murpd005,,rodnf001,2,"Fernando Rodney"
3,9,,murpd005,,rodnf001,2,"Fernando Rodney"
3,9,,murpd005,,rodnf001,2,"Fernando Rodney"
3,9,,murpd005,,rodnf001,2,"Fernando Rodney"
3,9,kinsi001,murpd005,,rodnf001,2,"Fernando Rodney"
3,9,kinsi001,murpd005,,rodnf001,2,"Fernando Rodney"
3,9,kinsi001,murpd005,,rodnf001,2,"Fernando Rodney"
3,9,kinsi001,murpd005,,rodnf001,2,"Fernando Rodney"
1,12,,,,felin001,0,"Neftali Feliz"
1,12,,,,felin001,0,"Neftali Feliz"
1,12,,,,felin001,0,"Neftali Feliz"
1,12,,,,felin001,0,"Neftali Feliz"
1,12,,,,felin001,1,"Neftali Feliz"
1,12,,,,felin001,1,"Neftali Feliz"
1,12,,,,felin001,1,"Neftali Feliz"
1,12,,,,felin001,1,"Neftali Feliz"
1,12,,,,felin001,2,"Neftali Feliz"
1,12,,,,felin001,2,"Neftali Feliz"
1,12,,,,felin001,2,"Neftali Feliz"
1,12,,,,felin001,2,"Neftali Feliz"
1,8,huntt001,,,thorm001,0,"Matt Thornton"
1,8,huntt001,,,thorm001,0,"Matt Thornton"
1,8,huntt001,,,thorm001,0,"Matt Thornton"
1,8,huntt001,,,thorm001,0,"Matt Thornton"
1,8,huntt001,,,thorm001,0,"Matt Thornton"
1,8,willr004,,,thorm001,1,"Matt Thornton"
1,8,willr004,,,thorm001,1,"Matt Thornton"
1,8,willr004,,,thorm001,1,"Matt Thornton"
1,8,willr004,,,thorm001,1,"Matt Thornton"
1,8,willr004,,,thorm001,1,"Matt Thornton"
1,8,willr004,,,thorm001,2,"Matt Thornton"
1,8,willr004,,,thorm001,2,"Matt Thornton"
1,8,willr004,,,thorm001,2,"Matt Thornton"
1,8,willr004,,,thorm001,2,"Matt Thornton"
1,8,willr004,,,thorm001,2,"Matt Thornton"
1,9,,,,thorm001,0,"Matt Thornton"
1,9,,,,thorm001,0,"Matt Thornton"
1,9,,,,thorm001,0,"Matt Thornton"
1,9,,,,thorm001,0,"Matt Thornton"
1,9,,,,thorm001,0,"Matt Thornton"
1,9,,,,thorm001,1,"Matt Thornton"
1,9,,,,thorm001,1,"Matt Thornton"
1,9,,,,thorm001,1,"Matt Thornton"
1,9,,,,thorm001,1,"Matt Thornton"
1,9,,,,thorm001,1,"Matt Thornton"
1,9,,,,thorm001,2,"Matt Thornton"
1,9,,,,thorm001,2,"Matt Thornton"
1,9,,,,thorm001,2,"Matt Thornton"
1,9,,,,thorm001,2,"Matt Thornton"
1,9,,,,thorm001,2,"Matt Thornton"
1,9,,,,rodnf001,0,"Fernando Rodney"
1,9,,,,rodnf001,0,"Fernando Rodney"
1,9,,,,rodnf001,0,"Fernando Rodney"
1,9,,,,rodnf001,0,"Fernando Rodney"
1,9,,,,rodnf001,1,"Fernando Rodney"
1,9,,,,rodnf001,1,"Fernando Rodney"
1,9,,,,rodnf001,1,"Fernando Rodney"
1,9,,,,rodnf001,1,"Fernando Rodney"
1,9,pennc001,,,rodnf001,1,"Fernando Rodney"
1,9,pennc001,,,rodnf001,1,"Fernando Rodney"
1,9,pennc001,,,rodnf001,1,"Fernando Rodney"
1,9,pennc001,,,rodnf001,1,"Fernando Rodney"
1,9,,pennc001,,rodnf001,1,"Fernando Rodney"
1,9,,pennc001,,rodnf001,1,"Fernando Rodney"
1,9,,pennc001,,rodnf001,1,"Fernando Rodney"
1,9,,pennc001,,rodnf001,1,"Fernando Rodney"
1,9,,,pennc001,rodnf001,2,"Fernando Rodney"
1,9,,,pennc001,rodnf001,2,"Fernando Rodney"
1,9,,,pennc001,rodnf001,2,"Fernando Rodney"
1,9,,,pennc001,rodnf001,2,"Fernando Rodney"
1,9,bartd001,,pennc001,rodnf001,2,"Fernando Rodney"
1,9,bartd001,,pennc001,rodnf001,2,"Fernando Rodney"
1,9,bartd001,,pennc001,rodnf001,2,"Fernando Rodney"
1,9,bartd001,,pennc001,rodnf001,2,"Fernando Rodney"
2,9,,,,rodnf001,0,"Fernando Rodney"
2,9,,,,rodnf001,0,"Fernando Rodney"
2,9,,,,rodnf001,0,"Fernando Rodney"
2,9,,,,rodnf001,0,"Fernando Rodney"
2,9,,,,rodnf001,1,"Fernando Rodney"
2,9,,,,rodnf001,1,"Fernando Rodney"
2,9,,,,rodnf001,1,"Fernando Rodney"
2,9,,,,rodnf001,1,"Fernando Rodney"
2,9,,,,rodnf001,2,"Fernando Rodney"
2,9,,,,rodnf001,2,"Fernando Rodney"
2,9,,,,rodnf001,2,"Fernando Rodney"
2,9,,,,rodnf001,2,"Fernando Rodney"
2,9,pennc001,,,rodnf001,2,"Fernando Rodney"
2,9,pennc001,,,rodnf001,2,"Fernando Rodney"
2,9,pennc001,,,rodnf001,2,"Fernando Rodney"
2,9,pennc001,,,rodnf001,2,"Fernando Rodney"
2,9,davir003,pennc001,,rodnf001,2,"Fernando Rodney"
2,9,davir003,pennc001,,rodnf001,2,"Fernando Rodney"
2,9,davir003,pennc001,,rodnf001,2,"Fernando Rodney"
2,9,davir003,pennc001,,rodnf001,2,"Fernando Rodney"
1,9,,,,raucj001,0,"Jon Rauch"
1,9,,,,raucj001,0,"Jon Rauch"
1,9,,,,raucj001,0,"Jon Rauch"
1,9,,,,raucj001,0,"Jon Rauch"
1,9,,,,raucj001,1,"Jon Rauch"
1,9,,,,raucj001,1,"Jon Rauch"
1,9,,,,raucj001,1,"Jon Rauch"
1,9,,,,raucj001,1,"Jon Rauch"
1,9,,,,raucj001,2,"Jon Rauch"
1,9,,,,raucj001,2,"Jon Rauch"
1,9,,,,raucj001,2,"Jon Rauch"
1,9,,,,raucj001,2,"Jon Rauch"
1,9,pettc001,,,raucj001,2,"Jon Rauch"
1,9,pettc001,,,raucj001,2,"Jon Rauch"
1,9,pettc001,,,raucj001,2,"Jon Rauch"
1,9,pettc001,,,raucj001,2,"Jon Rauch"
2,9,,,,rodnf001,0,"Fernando Rodney"
2,9,,,,rodnf001,0,"Fernando Rodney"
2,9,,,,rodnf001,0,"Fernando Rodney"
2,9,,,,rodnf001,0,"Fernando Rodney"
2,9,,,,rodnf001,1,"Fernando Rodney"
2,9,,,,rodnf001,1,"Fernando Rodney"
2,9,,,,rodnf001,1,"Fernando Rodney"
2,9,,,,rodnf001,1,"Fernando Rodney"
2,9,,,,rodnf001,2,"Fernando Rodney"
2,9,,,,rodnf001,2,"Fernando Rodney"
2,9,,,,rodnf001,2,"Fernando Rodney"
2,9,,,,rodnf001,2,"Fernando Rodney"
2,11,,,,papej001,0,"Jonathan Papelbon"
2,11,,,,papej001,0,"Jonathan Papelbon"
2,11,,,,papej001,0,"Jonathan Papelbon"
2,11,,,,papej001,0,"Jonathan Papelbon"
2,11,,,,papej001,1,"Jonathan Papelbon"
2,11,,,,papej001,1,"Jonathan Papelbon"
2,11,,,,papej001,1,"Jonathan Papelbon"
2,11,,,,papej001,1,"Jonathan Papelbon"
2,11,bourp001,,,papej001,1,"Jonathan Papelbon"
2,11,bourp001,,,papej001,1,"Jonathan Papelbon"
2,11,bourp001,,,papej001,1,"Jonathan Papelbon"
2,11,bourp001,,,papej001,1,"Jonathan Papelbon"
2,11,,bourp001,,papej001,1,"Jonathan Papelbon"
2,11,,bourp001,,papej001,1,"Jonathan Papelbon"
2,11,,bourp001,,papej001,1,"Jonathan Papelbon"
2,11,,bourp001,,papej001,1,"Jonathan Papelbon"
2,11,,bourp001,,papej001,2,"Jonathan Papelbon"
2,11,,bourp001,,papej001,2,"Jonathan Papelbon"
2,11,,bourp001,,papej001,2,"Jonathan Papelbon"
2,11,,bourp001,,papej001,2,"Jonathan Papelbon"
1,9,,,,papej001,0,"Jonathan Papelbon"
1,9,,,,papej001,0,"Jonathan Papelbon"
1,9,,,,papej001,0,"Jonathan Papelbon"
1,9,,,,papej001,0,"Jonathan Papelbon"
1,9,,,,papej001,1,"Jonathan Papelbon"
1,9,,,,papej001,1,"Jonathan Papelbon"
1,9,,,,papej001,1,"Jonathan Papelbon"
1,9,,,,papej001,1,"Jonathan Papelbon"
1,9,congh001,,,papej001,1,"Jonathan Papelbon"
1,9,congh001,,,papej001,1,"Jonathan Papelbon"
1,9,congh001,,,papej001,1,"Jonathan Papelbon"
1,9,congh001,,,papej001,1,"Jonathan Papelbon"
1,9,congh001,,,papej001,2,"Jonathan Papelbon"
1,9,congh001,,,papej001,2,"Jonathan Papelbon"
1,9,congh001,,,papej001,2,"Jonathan Papelbon"
1,9,congh001,,,papej001,2,"Jonathan Papelbon"
1,10,,,,ziegb001,0,"Brad Ziegler"
1,10,,,,ziegb001,0,"Brad Ziegler"
1,10,,,,ziegb001,0,"Brad Ziegler"
1,10,,,,ziegb001,0,"Brad Ziegler"
1,10,,,,ziegb001,0,"Brad Ziegler"
1,10,,,,ziegb001,1,"Brad Ziegler"
1,10,,,,ziegb001,1,"Brad Ziegler"
1,10,,,,ziegb001,1,"Brad Ziegler"
1,10,,,,ziegb001,1,"Brad Ziegler"
1,10,,,,ziegb001,1,"Brad Ziegler"
1,10,,,,ziegb001,2,"Brad Ziegler"
1,10,,,,ziegb001,2,"Brad Ziegler"
1,10,,,,ziegb001,2,"Brad Ziegler"
1,10,,,,ziegb001,2,"Brad Ziegler"
1,10,,,,ziegb001,2,"Brad Ziegler"
1,9,,,,perec002,0,"Chris Perez"
1,9,,,,perec002,0,"Chris Perez"
1,9,,,,perec002,0,"Chris Perez"
1,9,,,,perec002,0,"Chris Perez"
1,9,,,,perec002,1,"Chris Perez"
1,9,,,,perec002,1,"Chris Perez"
1,9,,,,perec002,1,"Chris Perez"
1,9,,,,perec002,1,"Chris Perez"
1,9,,,,perec002,2,"Chris Perez"
1,9,,,,perec002,2,"Chris Perez"
1,9,,,,perec002,2,"Chris Perez"
1,9,,,,perec002,2,"Chris Perez"
1,9,,,,waldj001,0,"Jordan Walden"
1,9,,,,waldj001,0,"Jordan Walden"
1,9,,,,waldj001,0,"Jordan Walden"
1,9,,,,waldj001,0,"Jordan Walden"
1,9,,,,waldj001,1,"Jordan Walden"
1,9,,,,waldj001,1,"Jordan Walden"
1,9,,,,waldj001,1,"Jordan Walden"
1,9,,,,waldj001,1,"Jordan Walden"
1,9,,sizeg001,,waldj001,1,"Jordan Walden"
1,9,,sizeg001,,waldj001,1,"Jordan Walden"
1,9,,sizeg001,,waldj001,1,"Jordan Walden"
1,9,,sizeg001,,waldj001,1,"Jordan Walden"
1,9,,cabra002,,waldj001,1,"Jordan Walden"
1,9,,cabra002,,waldj001,1,"Jordan Walden"
1,9,,cabra002,,waldj001,1,"Jordan Walden"
1,9,,cabra002,,waldj001,1,"Jordan Walden"
1,9,,cabra002,,waldj001,2,"Jordan Walden"
1,9,,cabra002,,waldj001,2,"Jordan Walden"
1,9,,cabra002,,waldj001,2,"Jordan Walden"
1,9,,cabra002,,waldj001,2,"Jordan Walden"
2,10,,,,thorm001,0,"Matt Thornton"
2,10,,,,thorm001,0,"Matt Thornton"
2,10,,,,thorm001,0,"Matt Thornton"
2,10,,,,thorm001,0,"Matt Thornton"
2,10,,,,thorm001,0,"Matt Thornton"
2,10,,,,thorm001,1,"Matt Thornton"
2,10,,,,thorm001,1,"Matt Thornton"
2,10,,,,thorm001,1,"Matt Thornton"
2,10,,,,thorm001,1,"Matt Thornton"
2,10,,,,thorm001,1,"Matt Thornton"
2,10,,,,thorm001,2,"Matt Thornton"
2,10,,,,thorm001,2,"Matt Thornton"
2,10,,,,thorm001,2,"Matt Thornton"
2,10,,,,thorm001,2,"Matt Thornton"
2,10,,,,thorm001,2,"Matt Thornton"
1,12,,,,kimbc001,0,"Craig Kimbrel"
1,12,,,,kimbc001,0,"Craig Kimbrel"
1,12,,,,kimbc001,0,"Craig Kimbrel"
1,12,,,,kimbc001,0,"Craig Kimbrel"
1,12,trumm001,,,kimbc001,0,"Craig Kimbrel"
1,12,trumm001,,,kimbc001,0,"Craig Kimbrel"
1,12,trumm001,,,kimbc001,0,"Craig Kimbrel"
1,12,trumm001,,,kimbc001,0,"Craig Kimbrel"
1,12,,trumm001,,kimbc001,1,"Craig Kimbrel"
1,12,,trumm001,,kimbc001,1,"Craig Kimbrel"
1,12,,trumm001,,kimbc001,1,"Craig Kimbrel"
1,12,,trumm001,,kimbc001,1,"Craig Kimbrel"
1,12,,,trumm001,kimbc001,2,"Craig Kimbrel"
1,12,,,trumm001,kimbc001,2,"Craig Kimbrel"
1,12,,,trumm001,kimbc001,2,"Craig Kimbrel"
1,12,,,trumm001,kimbc001,2,"Craig Kimbrel"
3,9,,,,waldj001,0,"Jordan Walden"
3,9,,,,waldj001,0,"Jordan Walden"
3,9,,,,waldj001,0,"Jordan Walden"
3,9,,,,waldj001,0,"Jordan Walden"
3,9,hinse001,,,waldj001,0,"Jordan Walden"
3,9,hinse001,,,waldj001,0,"Jordan Walden"
3,9,hinse001,,,waldj001,0,"Jordan Walden"
3,9,hinse001,,,waldj001,0,"Jordan Walden"
3,9,,hinse001,,waldj001,0,"Jordan Walden"
3,9,,hinse001,,waldj001,0,"Jordan Walden"
3,9,,hinse001,,waldj001,0,"Jordan Walden"
3,9,,hinse001,,waldj001,0,"Jordan Walden"
3,9,,hinse001,,waldj001,1,"Jordan Walden"
3,9,,hinse001,,waldj001,1,"Jordan Walden"
3,9,,hinse001,,waldj001,1,"Jordan Walden"
3,9,,hinse001,,waldj001,1,"Jordan Walden"
3,9,,,hinse001,waldj001,2,"Jordan Walden"
3,9,,,hinse001,waldj001,2,"Jordan Walden"
3,9,,,hinse001,waldj001,2,"Jordan Walden"
3,9,,,hinse001,waldj001,2,"Jordan Walden"
3,9,,,,waldj001,0,"Jordan Walden"
3,9,,,,waldj001,0,"Jordan Walden"
3,9,,,,waldj001,0,"Jordan Walden"
3,9,,,,waldj001,0,"Jordan Walden"
3,9,,,,waldj001,1,"Jordan Walden"
3,9,,,,waldj001,1,"Jordan Walden"
3,9,,,,waldj001,1,"Jordan Walden"
3,9,,,,waldj001,1,"Jordan Walden"
3,9,,,,waldj001,2,"Jordan Walden"
3,9,,,,waldj001,2,"Jordan Walden"
3,9,,,,waldj001,2,"Jordan Walden"
3,9,,,,waldj001,2,"Jordan Walden"
3,9,,,,waldj001,0,"Jordan Walden"
3,9,,,,waldj001,0,"Jordan Walden"
3,9,,,,waldj001,0,"Jordan Walden"
3,9,,,,waldj001,0,"Jordan Walden"
3,9,,,,waldj001,1,"Jordan Walden"
3,9,,,,waldj001,1,"Jordan Walden"
3,9,,,,waldj001,1,"Jordan Walden"
3,9,,,,waldj001,1,"Jordan Walden"
3,9,,,,waldj001,2,"Jordan Walden"
3,9,,,,waldj001,2,"Jordan Walden"
3,9,,,,waldj001,2,"Jordan Walden"
3,9,,,,waldj001,2,"Jordan Walden"
3,9,jackc002,,,waldj001,2,"Jordan Walden"
3,9,jackc002,,,waldj001,2,"Jordan Walden"
3,9,jackc002,,,waldj001,2,"Jordan Walden"
3,9,jackc002,,,waldj001,2,"Jordan Walden"
3,9,,jackc002,,waldj001,2,"Jordan Walden"
3,9,,jackc002,,waldj001,2,"Jordan Walden"
3,9,,jackc002,,waldj001,2,"Jordan Walden"
3,9,,jackc002,,waldj001,2,"Jordan Walden"
1,9,,,,waldj001,0,"Jordan Walden"
1,9,,,,waldj001,0,"Jordan Walden"
1,9,,,,waldj001,0,"Jordan Walden"
1,9,,,,waldj001,0,"Jordan Walden"
1,9,,,,waldj001,1,"Jordan Walden"
1,9,,,,waldj001,1,"Jordan Walden"
1,9,,,,waldj001,1,"Jordan Walden"
1,9,,,,waldj001,1,"Jordan Walden"
1,9,,,,waldj001,2,"Jordan Walden"
1,9,,,,waldj001,2,"Jordan Walden"
1,9,,,,waldj001,2,"Jordan Walden"
1,9,,,,waldj001,2,"Jordan Walden"
1,9,iztum001,,,rivem002,2,"Mariano Rivera"
1,9,iztum001,,,rivem002,2,"Mariano Rivera"
1,9,iztum001,,,rivem002,2,"Mariano Rivera"
1,9,iztum001,,,rivem002,2,"Mariano Rivera"
2,9,,,,rivem002,0,"Mariano Rivera"
2,9,,,,rivem002,0,"Mariano Rivera"
2,9,,,,rivem002,0,"Mariano Rivera"
2,9,,,,rivem002,0,"Mariano Rivera"
2,9,iztum001,,,rivem002,0,"Mariano Rivera"
2,9,iztum001,,,rivem002,0,"Mariano Rivera"
2,9,iztum001,,,rivem002,0,"Mariano Rivera"
2,9,iztum001,,,rivem002,0,"Mariano Rivera"
2,9,iztum001,,,rivem002,1,"Mariano Rivera"
2,9,iztum001,,,rivem002,1,"Mariano Rivera"
2,9,iztum001,,,rivem002,1,"Mariano Rivera"
2,9,iztum001,,,rivem002,1,"Mariano Rivera"
2,9,abreb001,,iztum001,rivem002,1,"Mariano Rivera"
2,9,abreb001,,iztum001,rivem002,1,"Mariano Rivera"
2,9,abreb001,,iztum001,rivem002,1,"Mariano Rivera"
2,9,abreb001,,iztum001,rivem002,1,"Mariano Rivera"
3,9,,,,farnk001,0,"Kyle Farnsworth"
3,9,,,,farnk001,0,"Kyle Farnsworth"
3,9,,,,farnk001,0,"Kyle Farnsworth"
3,9,,,,farnk001,0,"Kyle Farnsworth"
3,9,,,,farnk001,0,"Kyle Farnsworth"
3,9,,,,farnk001,0,"Kyle Farnsworth"
3,9,,,,farnk001,1,"Kyle Farnsworth"
3,9,,,,farnk001,1,"Kyle Farnsworth"
3,9,,,,farnk001,1,"Kyle Farnsworth"
3,9,,,,farnk001,1,"Kyle Farnsworth"
3,9,,,,farnk001,1,"Kyle Farnsworth"
3,9,,,,farnk001,1,"Kyle Farnsworth"
3,9,,,,farnk001,2,"Kyle Farnsworth"
3,9,,,,farnk001,2,"Kyle Farnsworth"
3,9,,,,farnk001,2,"Kyle Farnsworth"
3,9,,,,farnk001,2,"Kyle Farnsworth"
3,9,,,,farnk001,2,"Kyle Farnsworth"
3,9,,,,farnk001,2,"Kyle Farnsworth"
1,10,,,,farnk001,0,"Kyle Farnsworth"
1,10,,,,farnk001,0,"Kyle Farnsworth"
1,10,,,,farnk001,0,"Kyle Farnsworth"
1,10,,,,farnk001,0,"Kyle Farnsworth"
1,10,,,,farnk001,0,"Kyle Farnsworth"
1,10,,,,farnk001,0,"Kyle Farnsworth"
1,10,,,,farnk001,1,"Kyle Farnsworth"
1,10,,,,farnk001,1,"Kyle Farnsworth"
1,10,,,,farnk001,1,"Kyle Farnsworth"
1,10,,,,farnk001,1,"Kyle Farnsworth"
1,10,,,,farnk001,1,"Kyle Farnsworth"
1,10,,,,farnk001,1,"Kyle Farnsworth"
1,10,aybae001,,,farnk001,1,"Kyle Farnsworth"
1,10,aybae001,,,farnk001,1,"Kyle Farnsworth"
1,10,aybae001,,,farnk001,1,"Kyle Farnsworth"
1,10,aybae001,,,farnk001,1,"Kyle Farnsworth"
1,10,aybae001,,,farnk001,1,"Kyle Farnsworth"
1,10,aybae001,,,farnk001,1,"Kyle Farnsworth"
1,10,,aybae001,,farnk001,2,"Kyle Farnsworth"
1,10,,aybae001,,farnk001,2,"Kyle Farnsworth"
1,10,,aybae001,,farnk001,2,"Kyle Farnsworth"
1,10,,aybae001,,farnk001,2,"Kyle Farnsworth"
1,10,,aybae001,,farnk001,2,"Kyle Farnsworth"
1,10,,aybae001,,farnk001,2,"Kyle Farnsworth"
2,9,,,,sorij001,0,"Joakim Soria"
